train_steps,agent_steps,return,env_steps,env,run
2000,2319654.4,-20.9,9278617.6,atari_pong,atari_pong_gae_vtrace
4000,84893.0,-20.5,339572.0,atari_pong,atari_pong_gae_vtrace
6000,125693.0,-20.1,502772.0,atari_pong,atari_pong_gae_vtrace
8000,162142.0,-17.9,648568.0,atari_pong,atari_pong_gae_vtrace
10000,200578.0,-15.3,802312.0,atari_pong,atari_pong_gae_vtrace
12000,238162.5,-14.3,952650.0,atari_pong,atari_pong_gae_vtrace
14000,275258.5,-14.0,1101034.0,atari_pong,atari_pong_gae_vtrace
16000,312493.0,-11.7,1249972.0,atari_pong,atari_pong_gae_vtrace
18000,353293.0,-10.1,1413172.0,atari_pong,atari_pong_gae_vtrace
20000,387379.0,-4.4,1549516.0,atari_pong,atari_pong_gae_vtrace
22000,420488.0,-4.6,1681952.0,atari_pong,atari_pong_gae_vtrace
24000,454274.5,-5.5,1817098.0,atari_pong,atari_pong_gae_vtrace
26000,487176.0,-4.9,1948704.0,atari_pong,atari_pong_gae_vtrace
28000,519879.0,-5.2,2079516.0,atari_pong,atari_pong_gae_vtrace
30000,553209.5,-6.4,2212838.0,atari_pong,atari_pong_gae_vtrace
32000,586409.0,-7.7,2345636.0,atari_pong,atari_pong_gae_vtrace
34000,621538.5,-1.2,2486154.0,atari_pong,atari_pong_gae_vtrace
36000,654107.5,6.1,2616430.0,atari_pong,atari_pong_gae_vtrace
38000,687463.0,10.3,2749852.0,atari_pong,atari_pong_gae_vtrace
40000,720063.5,12.1,2880254.0,atari_pong,atari_pong_gae_vtrace
42000,754028.5,13.2,3016114.0,atari_pong,atari_pong_gae_vtrace
44000,784936.0,12.4,3139744.0,atari_pong,atari_pong_gae_vtrace
46000,816803.0,14.4,3267212.0,atari_pong,atari_pong_gae_vtrace
48000,853120.5,12.8,3412482.0,atari_pong,atari_pong_gae_vtrace
50000,895433.0,12.8,3581732.0,atari_pong,atari_pong_gae_vtrace
52000,932668.5,12.2,3730674.0,atari_pong,atari_pong_gae_vtrace
54000,972618.0,15.4,3890472.0,atari_pong,atari_pong_gae_vtrace
56000,1012943.5,11.6,4051774.0,atari_pong,atari_pong_gae_vtrace
58000,1053794.5,12.4,4215178.0,atari_pong,atari_pong_gae_vtrace
60000,1094372.0,13.4,4377488.0,atari_pong,atari_pong_gae_vtrace
62000,1135220.0,11.1,4540880.0,atari_pong,atari_pong_gae_vtrace
64000,1174411.5,12.4,4697646.0,atari_pong,atari_pong_gae_vtrace
66000,1214698.5,13.0,4858794.0,atari_pong,atari_pong_gae_vtrace
68000,1252301.0,14.5,5009204.0,atari_pong,atari_pong_gae_vtrace
70000,1292639.5,14.2,5170558.0,atari_pong,atari_pong_gae_vtrace
72000,1330115.5,15.8,5320462.0,atari_pong,atari_pong_gae_vtrace
74000,1370571.0,15.6,5482284.0,atari_pong,atari_pong_gae_vtrace
76000,1412075.0,15.6,5648300.0,atari_pong,atari_pong_gae_vtrace
78000,1452755.5,15.5,5811022.0,atari_pong,atari_pong_gae_vtrace
80000,1487478.0,15.4,5949912.0,atari_pong,atari_pong_gae_vtrace
82000,1521241.5,14.4,6084966.0,atari_pong,atari_pong_gae_vtrace
84000,1557454.5,16.2,6229818.0,atari_pong,atari_pong_gae_vtrace
86000,1597466.0,16.3,6389864.0,atari_pong,atari_pong_gae_vtrace
88000,1635897.0,14.2,6543588.0,atari_pong,atari_pong_gae_vtrace
90000,1675064.0,16.2,6700256.0,atari_pong,atari_pong_gae_vtrace
92000,1713202.5,15.4,6852810.0,atari_pong,atari_pong_gae_vtrace
94000,1748687.0,16.2,6994748.0,atari_pong,atari_pong_gae_vtrace
96000,1782328.5,16.2,7129314.0,atari_pong,atari_pong_gae_vtrace
98000,1817212.5,15.7,7268850.0,atari_pong,atari_pong_gae_vtrace
100000,1854528.0,15.5,7418112.0,atari_pong,atari_pong_gae_vtrace
102000,1888717.5,16.0,7554870.0,atari_pong,atari_pong_gae_vtrace
104000,1926981.5,10.8,7707926.0,atari_pong,atari_pong_gae_vtrace
106000,1962940.0,15.0,7851760.0,atari_pong,atari_pong_gae_vtrace
108000,1998359.5,16.1,7993438.0,atari_pong,atari_pong_gae_vtrace
110000,2031608.5,16.4,8126434.0,atari_pong,atari_pong_gae_vtrace
112000,2066150.5,16.8,8264602.0,atari_pong,atari_pong_gae_vtrace
114000,2102209.5,15.1,8408838.0,atari_pong,atari_pong_gae_vtrace
116000,2137725.5,15.6,8550902.0,atari_pong,atari_pong_gae_vtrace
118000,2174190.5,15.5,8696762.0,atari_pong,atari_pong_gae_vtrace
120000,2209672.5,15.4,8838690.0,atari_pong,atari_pong_gae_vtrace
122000,2243980.0,16.0,8975920.0,atari_pong,atari_pong_gae_vtrace
124000,2276764.0,16.7,9107056.0,atari_pong,atari_pong_gae_vtrace
126000,2310699.5,16.4,9242798.0,atari_pong,atari_pong_gae_vtrace
128000,2343113.5,16.9,9372454.0,atari_pong,atari_pong_gae_vtrace
130000,2375799.0,16.1,9503196.0,atari_pong,atari_pong_gae_vtrace
132000,2409247.0,16.7,9636988.0,atari_pong,atari_pong_gae_vtrace
134000,2445998.0,16.4,9783992.0,atari_pong,atari_pong_gae_vtrace
136000,2482204.5,17.2,9928818.0,atari_pong,atari_pong_gae_vtrace
138000,2516328.5,16.5,10065314.0,atari_pong,atari_pong_gae_vtrace
140000,2551442.5,16.5,10205770.0,atari_pong,atari_pong_gae_vtrace
142000,2586625.5,17.2,10346502.0,atari_pong,atari_pong_gae_vtrace
144000,2620988.5,16.8,10483954.0,atari_pong,atari_pong_gae_vtrace
146000,2654507.0,16.4,10618028.0,atari_pong,atari_pong_gae_vtrace
148000,2690811.5,17.2,10763246.0,atari_pong,atari_pong_gae_vtrace
150000,2724906.0,16.6,10899624.0,atari_pong,atari_pong_gae_vtrace
152000,2762115.0,15.5,11048460.0,atari_pong,atari_pong_gae_vtrace
154000,2795593.5,17.3,11182374.0,atari_pong,atari_pong_gae_vtrace
156000,2830659.5,17.0,11322638.0,atari_pong,atari_pong_gae_vtrace
158000,2866557.5,17.4,11466230.0,atari_pong,atari_pong_gae_vtrace
160000,2896490.0,16.5,11585960.0,atari_pong,atari_pong_gae_vtrace
162000,2928897.0,17.0,11715588.0,atari_pong,atari_pong_gae_vtrace
164000,2960483.0,16.9,11841932.0,atari_pong,atari_pong_gae_vtrace
166000,2996002.0,16.5,11984008.0,atari_pong,atari_pong_gae_vtrace
168000,3032424.0,17.1,12129696.0,atari_pong,atari_pong_gae_vtrace
170000,3070573.0,15.4,12282292.0,atari_pong,atari_pong_gae_vtrace
172000,3104610.0,16.6,12418440.0,atari_pong,atari_pong_gae_vtrace
174000,3139383.5,17.8,12557534.0,atari_pong,atari_pong_gae_vtrace
176000,3175891.5,16.4,12703566.0,atari_pong,atari_pong_gae_vtrace
178000,3210828.5,16.2,12843314.0,atari_pong,atari_pong_gae_vtrace
180000,3241812.0,17.1,12967248.0,atari_pong,atari_pong_gae_vtrace
182000,3273910.0,17.2,13095640.0,atari_pong,atari_pong_gae_vtrace
184000,3305854.5,18.2,13223418.0,atari_pong,atari_pong_gae_vtrace
186000,3338318.5,17.1,13353274.0,atari_pong,atari_pong_gae_vtrace
188000,3374872.5,17.2,13499490.0,atari_pong,atari_pong_gae_vtrace
190000,3411457.0,17.2,13645828.0,atari_pong,atari_pong_gae_vtrace
192000,3447100.0,17.6,13788400.0,atari_pong,atari_pong_gae_vtrace
194000,3480475.5,16.5,13921902.0,atari_pong,atari_pong_gae_vtrace
196000,3515233.0,17.8,14060932.0,atari_pong,atari_pong_gae_vtrace
198000,3544921.0,16.6,14179684.0,atari_pong,atari_pong_gae_vtrace
200000,3578301.5,17.2,14313206.0,atari_pong,atari_pong_gae_vtrace
202000,3611705.5,17.2,14446822.0,atari_pong,atari_pong_gae_vtrace
204000,3647898.0,17.6,14591592.0,atari_pong,atari_pong_gae_vtrace
206000,3683219.0,17.4,14732876.0,atari_pong,atari_pong_gae_vtrace
208000,3715265.0,16.0,14861060.0,atari_pong,atari_pong_gae_vtrace
210000,3752702.5,17.6,15010810.0,atari_pong,atari_pong_gae_vtrace
212000,3789516.5,17.6,15158066.0,atari_pong,atari_pong_gae_vtrace
214000,3824700.0,17.7,15298800.0,atari_pong,atari_pong_gae_vtrace
216000,3860071.0,16.8,15440284.0,atari_pong,atari_pong_gae_vtrace
218000,3893659.5,17.2,15574638.0,atari_pong,atari_pong_gae_vtrace
220000,3929405.5,17.2,15717622.0,atari_pong,atari_pong_gae_vtrace
222000,3966176.0,17.3,15864704.0,atari_pong,atari_pong_gae_vtrace
224000,4003687.0,17.8,16014748.0,atari_pong,atari_pong_gae_vtrace
226000,4040316.5,18.6,16161266.0,atari_pong,atari_pong_gae_vtrace
228000,4076805.0,16.8,16307220.0,atari_pong,atari_pong_gae_vtrace
230000,4113636.5,18.0,16454546.0,atari_pong,atari_pong_gae_vtrace
232000,4148207.0,18.3,16592828.0,atari_pong,atari_pong_gae_vtrace
234000,4186791.0,17.8,16747164.0,atari_pong,atari_pong_gae_vtrace
236000,4222790.0,18.1,16891160.0,atari_pong,atari_pong_gae_vtrace
238000,4257784.5,17.5,17031138.0,atari_pong,atari_pong_gae_vtrace
240000,4291309.5,17.7,17165238.0,atari_pong,atari_pong_gae_vtrace
242000,4329057.0,18.5,17316228.0,atari_pong,atari_pong_gae_vtrace
244000,4362874.5,17.8,17451498.0,atari_pong,atari_pong_gae_vtrace
246000,4396270.5,17.6,17585082.0,atari_pong,atari_pong_gae_vtrace
248000,4431791.5,17.2,17727166.0,atari_pong,atari_pong_gae_vtrace
250000,4464477.0,17.4,17857908.0,atari_pong,atari_pong_gae_vtrace
252000,4499028.0,17.2,17996112.0,atari_pong,atari_pong_gae_vtrace
254000,4531025.0,17.6,18124100.0,atari_pong,atari_pong_gae_vtrace
256000,4564529.5,17.5,18258118.0,atari_pong,atari_pong_gae_vtrace
258000,4598739.5,17.8,18394958.0,atari_pong,atari_pong_gae_vtrace
260000,4635667.0,17.4,18542668.0,atari_pong,atari_pong_gae_vtrace
262000,4671173.0,17.6,18684692.0,atari_pong,atari_pong_gae_vtrace
264000,4707097.5,18.4,18828390.0,atari_pong,atari_pong_gae_vtrace
266000,4741557.0,17.8,18966228.0,atari_pong,atari_pong_gae_vtrace
268000,4773955.5,18.0,19095822.0,atari_pong,atari_pong_gae_vtrace
270000,4809131.0,17.8,19236524.0,atari_pong,atari_pong_gae_vtrace
272000,4844076.5,17.7,19376306.0,atari_pong,atari_pong_gae_vtrace
274000,4880250.0,18.1,19521000.0,atari_pong,atari_pong_gae_vtrace
276000,4915080.0,17.8,19660320.0,atari_pong,atari_pong_gae_vtrace
278000,4948729.5,17.7,19794918.0,atari_pong,atari_pong_gae_vtrace
280000,4984195.0,17.6,19936780.0,atari_pong,atari_pong_gae_vtrace
282000,5017321.0,18.6,20069284.0,atari_pong,atari_pong_gae_vtrace
284000,5048840.0,18.6,20195360.0,atari_pong,atari_pong_gae_vtrace
286000,5083977.0,17.5,20335908.0,atari_pong,atari_pong_gae_vtrace
288000,5118009.0,17.8,20472036.0,atari_pong,atari_pong_gae_vtrace
290000,5154873.5,17.7,20619494.0,atari_pong,atari_pong_gae_vtrace
292000,5191009.5,18.1,20764038.0,atari_pong,atari_pong_gae_vtrace
294000,5226152.5,19.3,20904610.0,atari_pong,atari_pong_gae_vtrace
296000,5259480.0,17.4,21037920.0,atari_pong,atari_pong_gae_vtrace
298000,5292286.0,18.1,21169144.0,atari_pong,atari_pong_gae_vtrace
300000,5325749.5,18.4,21302998.0,atari_pong,atari_pong_gae_vtrace
302000,5362643.0,18.4,21450572.0,atari_pong,atari_pong_gae_vtrace
304000,5397758.0,17.1,21591032.0,atari_pong,atari_pong_gae_vtrace
306000,5430817.0,18.2,21723268.0,atari_pong,atari_pong_gae_vtrace
308000,5466867.5,18.6,21867470.0,atari_pong,atari_pong_gae_vtrace
310000,5502689.0,18.4,22010756.0,atari_pong,atari_pong_gae_vtrace
312000,5539271.0,18.2,22157084.0,atari_pong,atari_pong_gae_vtrace
314000,5575992.0,18.4,22303968.0,atari_pong,atari_pong_gae_vtrace
316000,5607487.0,18.9,22429948.0,atari_pong,atari_pong_gae_vtrace
318000,5638211.5,18.1,22552846.0,atari_pong,atari_pong_gae_vtrace
320000,5673165.0,17.2,22692660.0,atari_pong,atari_pong_gae_vtrace
322000,5709227.0,18.1,22836908.0,atari_pong,atari_pong_gae_vtrace
324000,5741378.0,16.9,22965512.0,atari_pong,atari_pong_gae_vtrace
326000,5775590.5,17.2,23102362.0,atari_pong,atari_pong_gae_vtrace
328000,5811358.5,18.2,23245434.0,atari_pong,atari_pong_gae_vtrace
330000,5848454.0,18.3,23393816.0,atari_pong,atari_pong_gae_vtrace
332000,5883644.0,18.1,23534576.0,atari_pong,atari_pong_gae_vtrace
334000,5916629.5,18.1,23666518.0,atari_pong,atari_pong_gae_vtrace
336000,5951840.0,18.4,23807360.0,atari_pong,atari_pong_gae_vtrace
338000,5987485.5,17.8,23949942.0,atari_pong,atari_pong_gae_vtrace
340000,6023144.5,18.9,24092578.0,atari_pong,atari_pong_gae_vtrace
342000,6056464.0,17.6,24225856.0,atari_pong,atari_pong_gae_vtrace
344000,6092705.0,18.2,24370820.0,atari_pong,atari_pong_gae_vtrace
346000,6128447.5,18.1,24513790.0,atari_pong,atari_pong_gae_vtrace
348000,6161825.5,17.4,24647302.0,atari_pong,atari_pong_gae_vtrace
350000,6197111.5,17.7,24788446.0,atari_pong,atari_pong_gae_vtrace
352000,6233229.0,17.6,24932916.0,atari_pong,atari_pong_gae_vtrace
354000,6268976.0,17.0,25075904.0,atari_pong,atari_pong_gae_vtrace
356000,6303507.5,17.2,25214030.0,atari_pong,atari_pong_gae_vtrace
358000,6339050.5,18.2,25356202.0,atari_pong,atari_pong_gae_vtrace
360000,6374221.0,18.0,25496884.0,atari_pong,atari_pong_gae_vtrace
362000,6411031.5,17.5,25644126.0,atari_pong,atari_pong_gae_vtrace
364000,6444830.0,18.5,25779320.0,atari_pong,atari_pong_gae_vtrace
366000,6478824.5,17.4,25915298.0,atari_pong,atari_pong_gae_vtrace
368000,6512754.5,17.6,26051018.0,atari_pong,atari_pong_gae_vtrace
370000,6547459.0,17.9,26189836.0,atari_pong,atari_pong_gae_vtrace
372000,6582589.5,17.8,26330358.0,atari_pong,atari_pong_gae_vtrace
374000,6615098.5,17.3,26460394.0,atari_pong,atari_pong_gae_vtrace
376000,6651384.5,18.8,26605538.0,atari_pong,atari_pong_gae_vtrace
378000,6684775.5,17.8,26739102.0,atari_pong,atari_pong_gae_vtrace
380000,6716728.5,17.9,26866914.0,atari_pong,atari_pong_gae_vtrace
382000,6751582.5,17.5,27006330.0,atari_pong,atari_pong_gae_vtrace
384000,6783848.0,18.0,27135392.0,atari_pong,atari_pong_gae_vtrace
386000,6817201.0,17.7,27268804.0,atari_pong,atari_pong_gae_vtrace
388000,6849845.0,17.9,27399380.0,atari_pong,atari_pong_gae_vtrace
390000,6883492.5,18.3,27533970.0,atari_pong,atari_pong_gae_vtrace
392000,6917930.0,18.6,27671720.0,atari_pong,atari_pong_gae_vtrace
394000,6951847.0,16.9,27807388.0,atari_pong,atari_pong_gae_vtrace
396000,6986556.5,18.5,27946226.0,atari_pong,atari_pong_gae_vtrace
398000,7019379.0,17.5,28077516.0,atari_pong,atari_pong_gae_vtrace
400000,7052637.5,17.8,28210550.0,atari_pong,atari_pong_gae_vtrace
402000,7086349.0,18.0,28345396.0,atari_pong,atari_pong_gae_vtrace
404000,7120485.5,17.6,28481942.0,atari_pong,atari_pong_gae_vtrace
406000,7155958.5,18.0,28623834.0,atari_pong,atari_pong_gae_vtrace
408000,7188829.0,18.2,28755316.0,atari_pong,atari_pong_gae_vtrace
410000,7220957.5,17.4,28883830.0,atari_pong,atari_pong_gae_vtrace
412000,7257014.5,18.6,29028058.0,atari_pong,atari_pong_gae_vtrace
414000,7292757.0,17.0,29171028.0,atari_pong,atari_pong_gae_vtrace
416000,7330416.5,18.3,29321666.0,atari_pong,atari_pong_gae_vtrace
418000,7365692.5,17.9,29462770.0,atari_pong,atari_pong_gae_vtrace
420000,7399951.0,17.4,29599804.0,atari_pong,atari_pong_gae_vtrace
422000,7434443.0,19.2,29737772.0,atari_pong,atari_pong_gae_vtrace
424000,7468502.5,18.0,29874010.0,atari_pong,atari_pong_gae_vtrace
426000,7505288.0,18.1,30021152.0,atari_pong,atari_pong_gae_vtrace
428000,7539450.5,18.3,30157802.0,atari_pong,atari_pong_gae_vtrace
430000,7572736.5,18.0,30290946.0,atari_pong,atari_pong_gae_vtrace
432000,7609470.0,18.2,30437880.0,atari_pong,atari_pong_gae_vtrace
434000,7639561.0,17.6,30558244.0,atari_pong,atari_pong_gae_vtrace
436000,7671928.5,17.8,30687714.0,atari_pong,atari_pong_gae_vtrace
438000,7703551.0,18.1,30814204.0,atari_pong,atari_pong_gae_vtrace
440000,7737726.0,18.1,30950904.0,atari_pong,atari_pong_gae_vtrace
442000,7768488.0,17.4,31073952.0,atari_pong,atari_pong_gae_vtrace
444000,7803427.0,18.3,31213708.0,atari_pong,atari_pong_gae_vtrace
446000,7839176.5,18.6,31356706.0,atari_pong,atari_pong_gae_vtrace
448000,7874334.0,16.8,31497336.0,atari_pong,atari_pong_gae_vtrace
450000,7905717.5,17.8,31622870.0,atari_pong,atari_pong_gae_vtrace
452000,7941494.0,18.0,31765976.0,atari_pong,atari_pong_gae_vtrace
454000,7977756.0,18.4,31911024.0,atari_pong,atari_pong_gae_vtrace
456000,8010492.5,18.5,32041970.0,atari_pong,atari_pong_gae_vtrace
458000,8045418.0,18.8,32181672.0,atari_pong,atari_pong_gae_vtrace
460000,8079800.5,17.6,32319202.0,atari_pong,atari_pong_gae_vtrace
462000,8115072.5,17.4,32460290.0,atari_pong,atari_pong_gae_vtrace
464000,8149422.0,18.2,32597688.0,atari_pong,atari_pong_gae_vtrace
466000,8184466.0,17.9,32737864.0,atari_pong,atari_pong_gae_vtrace
468000,8218595.5,17.7,32874382.0,atari_pong,atari_pong_gae_vtrace
470000,8251790.5,18.2,33007162.0,atari_pong,atari_pong_gae_vtrace
472000,8284543.5,17.2,33138174.0,atari_pong,atari_pong_gae_vtrace
474000,8318967.5,18.5,33275870.0,atari_pong,atari_pong_gae_vtrace
476000,8352213.5,18.3,33408854.0,atari_pong,atari_pong_gae_vtrace
478000,8386423.5,17.6,33545694.0,atari_pong,atari_pong_gae_vtrace
480000,8420505.0,17.7,33682020.0,atari_pong,atari_pong_gae_vtrace
482000,8454191.5,18.2,33816766.0,atari_pong,atari_pong_gae_vtrace
484000,8488351.0,17.5,33953404.0,atari_pong,atari_pong_gae_vtrace
486000,8523684.5,17.8,34094738.0,atari_pong,atari_pong_gae_vtrace
488000,8558945.0,18.2,34235780.0,atari_pong,atari_pong_gae_vtrace
490000,8591361.5,17.6,34365446.0,atari_pong,atari_pong_gae_vtrace
492000,8624002.0,17.2,34496008.0,atari_pong,atari_pong_gae_vtrace
494000,8660943.5,17.7,34643774.0,atari_pong,atari_pong_gae_vtrace
496000,8695640.5,18.4,34782562.0,atari_pong,atari_pong_gae_vtrace
498000,8728372.5,18.7,34913490.0,atari_pong,atari_pong_gae_vtrace
500000,8765573.0,17.8,35062292.0,atari_pong,atari_pong_gae_vtrace
502000,8800452.5,19.0,35201810.0,atari_pong,atari_pong_gae_vtrace
504000,8832300.5,18.6,35329202.0,atari_pong,atari_pong_gae_vtrace
506000,8867699.5,18.3,35470798.0,atari_pong,atari_pong_gae_vtrace
508000,8903767.0,18.1,35615068.0,atari_pong,atari_pong_gae_vtrace
510000,8939373.0,18.1,35757492.0,atari_pong,atari_pong_gae_vtrace
512000,8975668.5,18.7,35902674.0,atari_pong,atari_pong_gae_vtrace
514000,9012084.0,18.9,36048336.0,atari_pong,atari_pong_gae_vtrace
516000,9048694.5,17.6,36194778.0,atari_pong,atari_pong_gae_vtrace
518000,9081848.0,18.4,36327392.0,atari_pong,atari_pong_gae_vtrace
520000,9116661.5,17.6,36466646.0,atari_pong,atari_pong_gae_vtrace
522000,9152244.5,17.6,36608978.0,atari_pong,atari_pong_gae_vtrace
524000,9188958.0,18.4,36755832.0,atari_pong,atari_pong_gae_vtrace
526000,9226040.0,18.5,36904160.0,atari_pong,atari_pong_gae_vtrace
528000,9262149.0,17.4,37048596.0,atari_pong,atari_pong_gae_vtrace
530000,9296562.5,18.2,37186250.0,atari_pong,atari_pong_gae_vtrace
532000,9332896.5,18.8,37331586.0,atari_pong,atari_pong_gae_vtrace
534000,9366828.0,18.4,37467312.0,atari_pong,atari_pong_gae_vtrace
536000,9403665.5,18.4,37614662.0,atari_pong,atari_pong_gae_vtrace
538000,9439752.0,17.6,37759008.0,atari_pong,atari_pong_gae_vtrace
540000,9475585.0,19.0,37902340.0,atari_pong,atari_pong_gae_vtrace
542000,9508958.5,18.2,38035834.0,atari_pong,atari_pong_gae_vtrace
544000,9540284.0,18.3,38161136.0,atari_pong,atari_pong_gae_vtrace
546000,9575733.0,18.5,38302932.0,atari_pong,atari_pong_gae_vtrace
548000,9610522.0,18.6,38442088.0,atari_pong,atari_pong_gae_vtrace
550000,9645893.0,19.2,38583572.0,atari_pong,atari_pong_gae_vtrace
552000,9681797.0,19.0,38727188.0,atari_pong,atari_pong_gae_vtrace
554000,9714701.5,18.6,38858806.0,atari_pong,atari_pong_gae_vtrace
556000,9748818.5,18.6,38995274.0,atari_pong,atari_pong_gae_vtrace
558000,9780273.0,18.8,39121092.0,atari_pong,atari_pong_gae_vtrace
560000,9814610.5,18.4,39258442.0,atari_pong,atari_pong_gae_vtrace
562000,9848194.0,18.1,39392776.0,atari_pong,atari_pong_gae_vtrace
564000,9879063.5,18.0,39516254.0,atari_pong,atari_pong_gae_vtrace
566000,9909711.5,15.8,39638846.0,atari_pong,atari_pong_gae_vtrace
568000,9943538.5,18.3,39774154.0,atari_pong,atari_pong_gae_vtrace
570000,9977263.5,17.2,39909054.0,atari_pong,atari_pong_gae_vtrace
572000,10013067.0,18.8,40052268.0,atari_pong,atari_pong_gae_vtrace
574000,10048584.0,18.6,40194336.0,atari_pong,atari_pong_gae_vtrace
576000,10080878.0,18.2,40323512.0,atari_pong,atari_pong_gae_vtrace
578000,10112708.0,18.0,40450832.0,atari_pong,atari_pong_gae_vtrace
580000,10147128.0,19.4,40588512.0,atari_pong,atari_pong_gae_vtrace
582000,10183917.5,17.5,40735670.0,atari_pong,atari_pong_gae_vtrace
584000,10216918.0,18.4,40867672.0,atari_pong,atari_pong_gae_vtrace
586000,10253235.0,18.2,41012940.0,atari_pong,atari_pong_gae_vtrace
588000,10286999.5,17.8,41147998.0,atari_pong,atari_pong_gae_vtrace
590000,10321312.5,17.8,41285250.0,atari_pong,atari_pong_gae_vtrace
592000,10355100.5,18.6,41420402.0,atari_pong,atari_pong_gae_vtrace
594000,10391935.0,18.0,41567740.0,atari_pong,atari_pong_gae_vtrace
596000,10426410.0,18.2,41705640.0,atari_pong,atari_pong_gae_vtrace
598000,10462717.5,18.2,41850870.0,atari_pong,atari_pong_gae_vtrace
600000,10498230.5,18.3,41992922.0,atari_pong,atari_pong_gae_vtrace
602000,10532892.5,17.8,42131570.0,atari_pong,atari_pong_gae_vtrace
604000,10565717.0,19.3,42262868.0,atari_pong,atari_pong_gae_vtrace
606000,10601435.0,18.5,42405740.0,atari_pong,atari_pong_gae_vtrace
608000,10637963.0,17.4,42551852.0,atari_pong,atari_pong_gae_vtrace
610000,10674213.0,18.8,42696852.0,atari_pong,atari_pong_gae_vtrace
612000,10707211.5,18.4,42828846.0,atari_pong,atari_pong_gae_vtrace
614000,10742600.5,19.0,42970402.0,atari_pong,atari_pong_gae_vtrace
616000,10778327.0,19.0,43113308.0,atari_pong,atari_pong_gae_vtrace
618000,10812493.5,18.0,43249974.0,atari_pong,atari_pong_gae_vtrace
620000,10846214.5,18.4,43384858.0,atari_pong,atari_pong_gae_vtrace
622000,10877027.0,18.2,43508108.0,atari_pong,atari_pong_gae_vtrace
624000,10912321.0,18.6,43649284.0,atari_pong,atari_pong_gae_vtrace
626000,10944343.0,19.0,43777372.0,atari_pong,atari_pong_gae_vtrace
628000,10978698.0,18.1,43914792.0,atari_pong,atari_pong_gae_vtrace
630000,11014428.5,18.9,44057714.0,atari_pong,atari_pong_gae_vtrace
632000,11051179.0,17.8,44204716.0,atari_pong,atari_pong_gae_vtrace
634000,11084973.5,18.5,44339894.0,atari_pong,atari_pong_gae_vtrace
636000,11120723.5,18.3,44482894.0,atari_pong,atari_pong_gae_vtrace
638000,11157806.0,18.2,44631224.0,atari_pong,atari_pong_gae_vtrace
640000,11193020.5,18.5,44772082.0,atari_pong,atari_pong_gae_vtrace
642000,11225878.5,19.0,44903514.0,atari_pong,atari_pong_gae_vtrace
644000,11261873.5,18.5,45047494.0,atari_pong,atari_pong_gae_vtrace
646000,11293755.0,19.0,45175020.0,atari_pong,atari_pong_gae_vtrace
648000,11324146.0,19.2,45296584.0,atari_pong,atari_pong_gae_vtrace
650000,11357665.0,18.8,45430660.0,atari_pong,atari_pong_gae_vtrace
652000,11390588.0,18.5,45562352.0,atari_pong,atari_pong_gae_vtrace
654000,11423910.0,18.9,45695640.0,atari_pong,atari_pong_gae_vtrace
656000,11462434.5,19.4,45849738.0,atari_pong,atari_pong_gae_vtrace
658000,11502896.0,18.8,46011584.0,atari_pong,atari_pong_gae_vtrace
660000,11539987.5,19.7,46159950.0,atari_pong,atari_pong_gae_vtrace
662000,11575763.5,18.2,46303054.0,atari_pong,atari_pong_gae_vtrace
664000,11615563.0,18.9,46462252.0,atari_pong,atari_pong_gae_vtrace
666000,11655011.5,18.5,46620046.0,atari_pong,atari_pong_gae_vtrace
668000,11694681.0,17.6,46778724.0,atari_pong,atari_pong_gae_vtrace
670000,11734663.5,18.3,46938654.0,atari_pong,atari_pong_gae_vtrace
672000,11770883.0,18.9,47083532.0,atari_pong,atari_pong_gae_vtrace
674000,11810513.5,18.0,47242054.0,atari_pong,atari_pong_gae_vtrace
676000,11850262.5,18.1,47401050.0,atari_pong,atari_pong_gae_vtrace
678000,11890443.0,18.2,47561772.0,atari_pong,atari_pong_gae_vtrace
680000,11930325.0,18.6,47721300.0,atari_pong,atari_pong_gae_vtrace
682000,11967345.5,18.4,47869382.0,atari_pong,atari_pong_gae_vtrace
684000,12004837.0,18.5,48019348.0,atari_pong,atari_pong_gae_vtrace
686000,12043204.0,17.3,48172816.0,atari_pong,atari_pong_gae_vtrace
688000,12081214.5,19.2,48324858.0,atari_pong,atari_pong_gae_vtrace
690000,12118358.5,18.1,48473434.0,atari_pong,atari_pong_gae_vtrace
692000,12157092.5,18.2,48628370.0,atari_pong,atari_pong_gae_vtrace
694000,12197660.0,18.5,48790640.0,atari_pong,atari_pong_gae_vtrace
696000,12237647.0,18.5,48950588.0,atari_pong,atari_pong_gae_vtrace
698000,12274317.0,18.6,49097268.0,atari_pong,atari_pong_gae_vtrace
700000,12312198.0,18.6,49248792.0,atari_pong,atari_pong_gae_vtrace
702000,12353448.0,18.0,49413792.0,atari_pong,atari_pong_gae_vtrace
704000,12391701.5,18.6,49566806.0,atari_pong,atari_pong_gae_vtrace
706000,12431015.0,18.7,49724060.0,atari_pong,atari_pong_gae_vtrace
708000,12468519.0,19.2,49874076.0,atari_pong,atari_pong_gae_vtrace
710000,12506391.5,18.6,50025566.0,atari_pong,atari_pong_gae_vtrace
712000,12545253.5,18.6,50181014.0,atari_pong,atari_pong_gae_vtrace
714000,12583022.5,18.8,50332090.0,atari_pong,atari_pong_gae_vtrace
716000,12621285.5,19.1,50485142.0,atari_pong,atari_pong_gae_vtrace
718000,12661064.5,18.5,50644258.0,atari_pong,atari_pong_gae_vtrace
720000,12698681.5,19.4,50794726.0,atari_pong,atari_pong_gae_vtrace
722000,12737127.0,18.0,50948508.0,atari_pong,atari_pong_gae_vtrace
724000,12777338.0,18.2,51109352.0,atari_pong,atari_pong_gae_vtrace
726000,12816346.0,19.0,51265384.0,atari_pong,atari_pong_gae_vtrace
728000,12854273.5,19.0,51417094.0,atari_pong,atari_pong_gae_vtrace
730000,12894472.0,18.9,51577888.0,atari_pong,atari_pong_gae_vtrace
732000,12933683.5,18.3,51734734.0,atari_pong,atari_pong_gae_vtrace
734000,12973600.0,18.5,51894400.0,atari_pong,atari_pong_gae_vtrace
736000,13009535.5,18.3,52038142.0,atari_pong,atari_pong_gae_vtrace
738000,13047189.5,18.3,52188758.0,atari_pong,atari_pong_gae_vtrace
740000,13087609.0,18.6,52350436.0,atari_pong,atari_pong_gae_vtrace
742000,13126392.0,18.2,52505568.0,atari_pong,atari_pong_gae_vtrace
744000,13164860.5,18.7,52659442.0,atari_pong,atari_pong_gae_vtrace
746000,13202716.0,18.5,52810864.0,atari_pong,atari_pong_gae_vtrace
748000,13240762.5,18.0,52963050.0,atari_pong,atari_pong_gae_vtrace
750000,13281521.5,18.7,53126086.0,atari_pong,atari_pong_gae_vtrace
752000,13317901.0,19.2,53271604.0,atari_pong,atari_pong_gae_vtrace
754000,13355888.5,18.5,53423554.0,atari_pong,atari_pong_gae_vtrace
756000,13396895.5,18.0,53587582.0,atari_pong,atari_pong_gae_vtrace
758000,13435771.5,17.8,53743086.0,atari_pong,atari_pong_gae_vtrace
760000,13474709.0,18.8,53898836.0,atari_pong,atari_pong_gae_vtrace
762000,13512358.0,18.9,54049432.0,atari_pong,atari_pong_gae_vtrace
764000,13550963.5,18.6,54203854.0,atari_pong,atari_pong_gae_vtrace
766000,13587933.5,18.4,54351734.0,atari_pong,atari_pong_gae_vtrace
768000,13626960.5,19.1,54507842.0,atari_pong,atari_pong_gae_vtrace
770000,13662594.5,18.8,54650378.0,atari_pong,atari_pong_gae_vtrace
772000,13703216.5,19.2,54812866.0,atari_pong,atari_pong_gae_vtrace
774000,13742233.5,18.0,54968934.0,atari_pong,atari_pong_gae_vtrace
776000,13780070.5,18.7,55120282.0,atari_pong,atari_pong_gae_vtrace
778000,13820386.5,19.1,55281546.0,atari_pong,atari_pong_gae_vtrace
780000,13858571.5,18.3,55434286.0,atari_pong,atari_pong_gae_vtrace
782000,13894000.0,18.9,55576000.0,atari_pong,atari_pong_gae_vtrace
784000,13930612.5,18.2,55722450.0,atari_pong,atari_pong_gae_vtrace
786000,13970036.5,19.0,55880146.0,atari_pong,atari_pong_gae_vtrace
788000,14007870.5,18.6,56031482.0,atari_pong,atari_pong_gae_vtrace
790000,14046706.5,18.8,56186826.0,atari_pong,atari_pong_gae_vtrace
792000,14085773.5,18.7,56343094.0,atari_pong,atari_pong_gae_vtrace
794000,14123053.5,18.8,56492214.0,atari_pong,atari_pong_gae_vtrace
796000,14164882.5,18.8,56659530.0,atari_pong,atari_pong_gae_vtrace
798000,14190727.0,18.6,56762908.0,atari_pong,atari_pong_gae_vtrace
